opened	open	close	tx_id	updated	from	from_blockchain	amount1	virtual	quote1	val1	gain_10_percent	to	to_blockchain	net	ersatz	quote2	val2
2025-08-06	1	1	https://snowtrace.io/tx/0x60a2129cf19213def46b4355739cf69e998ed6245fe0ade6563e83c1ba2d83c8	n/a	BTC	Avalanche	0.004498	0	$113883.00	$512.25	0.0049477997	ETH	Avalanche	0.14203	0	$3588.72	$509.71
2025-08-06	2	7	https://snowtrace.io/tx/0x313f4401a09510491ab2af63903428e5928260ee7490147f717600a3f5d82dc9	n/a	ETH	Avalanche	0.2678	0	$3588.72	$961.06	0.29458	BTC	Avalanche	0.008825	0	$113883.00	$1005.02
2025-08-07	3	2	https://snowtrace.io/tx/0xcc3eae059b0872bdda9bb3646d3d19c711cabdc00a8849cd2afd6b43a3c0fe03	n/a	BTC	Avalanche	0.004237	0	$116384.00	$493.12	0.0046607	ETH	Avalanche	0.12807	0	$3836.05	$491.28
2025-08-07	4	7	https://snowtrace.io/tx/0x91450697e53257d32c3fc900323cfb9aa054cdabb4534b70f83a2ed301f56b12	n/a	ETH	Avalanche	0.2546	0	$3836.05	$976.66	0.28006	BTC	Avalanche	0.008451	0	$116384.00	$983.56
2025-08-10	5	3	https://snowtrace.io/tx/0xced0f9a08c8ea12a1754b7348ef2aa6ac8f40358b51c013a892ff1405b326b24	n/a	BTC	Avalanche	0.004197	0	$118367.00	$496.79	0.0046167	ETH	Avalanche	0.11918	0	$4189.81	$499.34
2025-08-10	6	7	https://snowtrace.io/tx/0x18482580ce2ace2bd33e5d47e59c3cdccc3466f58d7230d7f2eca2211f843bc8	n/a	ETH	Avalanche	0.2359	0	$4189.81	$988.38	0.25949	BTC	Avalanche	0.008431	0	$118367.00	$997.95
2025-08-11	7	3	https://snowtrace.io/tx/0xa46ad4cf1e41d6911daae2e63bcbfde082daec2968638367d62bd8cc4d4bbbe4	n/a	BTC	Avalanche	0.004197	0	$119887.00	$503.17	0.0046167	ETH	Avalanche	0.11911	0	$4178.51	$497.70
2025-08-11	8	7	https://snowtrace.io/tx/0x47067d1d5d6798a9ee883d103b7b30cd0be5962bf41b9001fa4ae02b92ef32da	n/a	ETH	Avalanche	0.2373	0	$4178.51	$991.56	0.26103	BTC	Avalanche	0.008355	0	$119887.00	$1001.66
2025-08-12	9	3	https://snowtrace.io/tx/0xd4c180b708b99d11665951837d774b977886b75d204b3224f4d14ab262be90bf	n/a	BTC	Avalanche	0.00415	0	$118881.00	$493.36	0.004565	ETH	Avalanche	0.11001	0	$4344.17	$477.90
2025-08-12	10	5	https://snowtrace.io/tx/0xebdd2005f76f9da6486f1b2d883e3d9050b8514d14283a80e7f0f3667fab55ec	n/a	ETH	Avalanche	0.2226	0	$4344.17	$967.01	0.24486001	BTC	Avalanche	0.008367	0	$118881.00	$994.68
2025-08-15	11	3	https://snowtrace.io/tx/0xbbcc48fd537c39adbf07a12feb453061454d38fddae5fc53706e6877f4b6e1c8	n/a	BTC	Avalanche	0.004245	0	$118774.00	$504.20	0.0046695	ETH	Avalanche	0.11227	0	$4644.40	$521.43
2025-08-15	12	5	https://snowtrace.io/tx/0x2711a0fe3ca2c985fe28d00eda5be541696da650a409a3cd5f758be253779811	n/a	ETH	Avalanche	0.2247	0	$4644.40	$1043.60	0.24717002	BTC	Avalanche	0.008422	0	$118774.00	$1000.31
2025-08-17	13	3	https://snowtrace.io/tx/0x67cc5c6bd0b378a3daaa91d8984a4872b5e7862481ca2c66408086d9b2bca5bd	n/a	BTC	Avalanche	0.004148	0	$118311.00	$490.75	0.0045628	ETH	Avalanche	0.11227	0	$4547.86	$510.59
2025-08-17	14	5	https://snowtrace.io/tx/0xf30dc8a7eb887b4a35911ccbf8fd8181b9e0107b7c37037b7b0dc346587c3eb4	n/a	ETH	Avalanche	0.2242	0	$4547.86	$1019.63	0.24662	BTC	Avalanche	0.008511	0	$118311.00	$1006.94
2025-08-19	15	3	https://snowtrace.io/tx/0x889b32a25f458c9ab956ba0f7a88e6ca9667f1743dfd094232b940f9c096d019	n/a	BTC	Avalanche	0.01325	0	$114561.00	$1517.93	0.014575	ETH	Avalanche	0.36275	0	$4261.27	$1545.78
2025-08-19	16	6	virtual_swap	n/a	ETH	Avalanche	0	0.7256	$4261.27	$3091.98	0.79816	BTC	Avalanche	0.026487	0	$114561.00	$3034.38
2026-02-21	17	15	virtual_swap	2026-06-06	BTC	Avalanche	0	0.008174	$61045.00	$498.98	0.008991401	ETH	Avalanche	0.3177	0	$1570.63	$498.99
2025-08-24	18	4	virtual_swap	n/a	ETH	Avalanche	0	0.636	$4810.58	$3059.53	0.6996	BTC	Avalanche	0.026586	0	$114701.00	$3049.44
2026-02-21	19	15	virtual_swap	2026-06-06	BTC	Avalanche	0	0.007871	$61045.00	$480.49	0.0086581	ETH	Avalanche	0.3059	0	$1570.63	$480.46
2025-08-25	20	5	virtual_swap	n/a	ETH	Avalanche	0	0.69	$4609.46	$3180.53	0.759	BTC	Avalanche	0.027467	0	$111395.00	$3059.69
2025-08-29	21	0	https://snowtrace.io/tx/0x0834138bf58fb33ec870503f26ddd9e64600a7dadaa877455c060808ff7d6054	n/a	BTC	Avalanche	0.01385	0	$108078.00	$1496.88	0.015235	ETH	Avalanche	0.3446	0	$4328.55	$1491.62
2025-08-29	22	5	virtual_swap	n/a	ETH	Avalanche	0	0.696	$4328.55	$3012.67	0.76559997	BTC	Avalanche	0.027467	0	$108078.00	$2968.58
2025-08-31	23	0	https://snowtrace.io/tx/0x3eee16643e4cf109dccc0f3cd90dba2b052fedfcdcd5f9534bb133114370559a	n/a	BTC	Avalanche	0.006407	0	$108355.00	$694.23	0.0070477	ETH	Avalanche	0.165	0	$4471.07	$737.73
2025-08-31	24	5	https://snowtrace.io/tx/0xfa7fbc96ab2f9d6b9a3a0316b980d26ae181e4d23e028906e804320ad640e14d	n/a	ETH	Avalanche	0.3432	0	$4471.07	$1534.47	0.37752	BTC	Avalanche	0.013673	0	$108355.00	$1481.54
2025-09-01	25	0	https://snowtrace.io/tx/0x6b0cef4abe20f0d45e247500caacad8c135628b1708ce709f1ea3ca9663c5e52	n/a	BTC	Avalanche	0.001827	0	$108776.00	$198.73	0.0020097	ETH	Avalanche	0.047	0	$4393.12	$206.48
2025-09-01	26	5	https://snowtrace.io/tx/0x4a8d122703457f42b40352a76e373765c908c0a5080e3e0044220b09c861088b	n/a	ETH	Avalanche	0.0984	0	$4393.12	$432.28	0.10824	BTC	Avalanche	0.003794	0	$108776.00	$412.70
2025-09-30	27	7	https://snowtrace.io/tx/0x24e0308a0bbc1d27740ba9beebf713c6e773ef8a0b2f2b055d29b57eb349d9e7	n/a	ETH	Avalanche	0.120704	0	$4162.11	$502.38	0.13277441	BTC	Avalanche	0.00427	0	$113056.00	$482.75
2025-09-30	28	0	https://snowtrace.io/tx/0xdef66cbfea4687eff8390728557a07b9697dc15927de51d0819e07aa5bc71963	n/a	BTC	Avalanche	0.0087	0	$113056.00	$983.59	0.009570001	ETH	Avalanche	0.2305	0	$4162.11	$959.37
2025-10-05	29	7	https://snowtrace.io/tx/0x8807fcc58e4f20c4808c8b6b8233bd343ad3892389a230db76acc4ea097dbfd1	n/a	ETH	Avalanche	0	0.1106	$4547.28	$502.93	0.12166	BTC	Avalanche	0.00395	0	$123261.00	$486.88
2025-10-05	30	0	https://snowtrace.io/tx/0x8d8cbeffc310573f7fca1a9d42b8916c61d8c6983ad3af45b6273cf46ea81667	n/a	BTC	Avalanche	0	0.0041	$123261.00	$505.37	0.0045100003	ETH	Avalanche	0.107	0	$4547.28	$486.56
2026-02-21	31	9	virtual_swap	n/a	BTC	Avalanche	0	0.006561	$112464.00	$737.88	0.0072171	ETH	Avalanche	0.2643	0	$3802.00	$1004.87
2025-10-10	32	7	virtual_swap	n/a	ETH	Avalanche	0	0.132	$3802.00	$501.86	0.1452	BTC	Avalanche	0.00444	0	$112464.00	$499.34
2026-02-27	33	16	https://snowtrace.io/tx/0x86c068bd0f79859e9802ecb9ee7774d8dff4e659465d4010139595c732605419	n/a	BTC	Avalanche	0	0.0035	$110660.00	$387.31	0.0038500002	ETH	Avalanche	0.1206	0	$4029.59	$485.97
2025-10-20	34	6	https://snowtrace.io/tx/0x527c78a7a3cd4a53798f7150f51adb232f98648a90ffacc8f429259cd7c6fda9	n/a	ETH	Avalanche	0	0.1186	$4029.59	$477.91	0.13046001	BTC	Avalanche	0.00427	0	$110660.00	$472.52
2026-02-27	35	11	virtual_swap	n/a	BTC	Avalanche	0	0.063077	$110308.00	$6957.90	0.0693847	ETH	Avalanche	2.4501	0	$3857.83	$9452.07
2025-11-02	36	7	virtual_swap	n/a	ETH	Avalanche	0	1.3	$3857.83	$5015.18	1.43	BTC	Avalanche	0.04554	0	$110308.00	$5023.43
2026-02-21	37	16	https://snowtrace.io/tx/0xa6714775442eb3fa3e76fe92642c22538aca04db22959619c0ce153e3a6525ad	n/a	BTC	Avalanche	0	0.0071	$110308.00	$783.19	0.0078100003	ETH	Avalanche	0.246	0	$3857.83	$949.03
2025-11-02	38	7	https://snowtrace.io/tx/0x0ed8e79e0865f5b5c7b5f8411baac024915b429804d9a1f313b6ac1d88992b4e	n/a	ETH	Avalanche	0	0.1296	$3857.83	$499.97	0.14256	BTC	Avalanche	0.00441	0	$110308.00	$486.46
2025-11-03	39	0	https://snowtrace.io/tx/0x7dc515c268cb4aa9f4890692f9490c4a32d5d3756c6f77c7c8b2daf63b2f35b9	n/a	BTC	Avalanche	0.094	0	$107858.00	$10138.65	0.1034	ETH	Avalanche	2.7789	0	$3715.49	$10324.97
2025-11-03	40	7	https://snowtrace.io/tx/0x15b79885c5fe828f78fbf29c1947b67e9c65bf37ca436418c6e11286cd05ee0d	n/a	ETH	Avalanche	1.38	0	$3715.49	$5127.38	1.518	BTC	Avalanche	0.0469	0	$107858.00	$5058.54
2026-02-21	41	16	https://snowtrace.io/tx/0x77fe7489ccb408e103e86f12bdfa1fbf0dc4476912a7a0bff6ad4b12b32e55c1	n/a	BTC	Avalanche	0	0.0074	$107858.00	$798.15	0.0081400005	ETH	Avalanche	0.2559	0	$3715.49	$950.79
2025-11-03	42	7	https://snowtrace.io/tx/0x6fa3c14f399c60d2873d3099becf628fb618ca7700dc00725f0f9b8ab958ec91	n/a	ETH	Avalanche	0	0.1346	$3715.49	$500.10	0.14806001	BTC	Avalanche	0.00456	0	$107858.00	$491.83
2025-11-05	43	0	https://snowtrace.io/tx/0x2e5d9dc966c252c83f5c8163788f9867422af44497a40806ebe97f39fbe5113f	n/a	BTC	Avalanche	0.097	0	$102636.00	$9955.69	0.1067	ETH	Avalanche	2.9173	0	$3340.95	$9746.55
2025-11-05	44	7	virtual_swap	n/a	ETH	Avalanche	0	1.455	$3340.95	$4861.08	1.6005001	BTC	Avalanche	0.04822	0	$102636.00	$4949.11
2025-11-05	45	0	https://snowtrace.io/tx/0x0939c409ad88c0c66e385b98f85da65b3b1b261b16360340de4b0841336e68cb	n/a	BTC	Avalanche	0	0.009752	$102636.00	$1000.91	0.0107272	ETH	Avalanche	0.2842	0	$3340.95	$949.50
2025-11-05	46	14	https://snowtrace.io/tx/0x4f6cdfe566587b3f37a37090d0386a13105553edf4f04618f53dd5901def95f0	n/a	ETH	Avalanche	0	0.1498	$3340.95	$500.47	0.16478	BTC	Avalanche	0.00467	0	$102636.00	$479.31
2025-11-22	47	0	https://snowscan.xyz/tx/0x2852c5e5cae6f0dc6d1e873cd77fd31832c95ab3a8c668648b4841d2c5128275	n/a	BTC	Avalanche	0.1192	0	$83520.00	$9955.58	0.13112	ETH	Avalanche	3.6674	0	$2732.01	$10019.37
2025-11-22	48	8	virtual_swap	n/a	ETH	Avalanche	0	1.835	$2732.01	$5013.24	2.0185	BTC	Avalanche	0.05954	0	$83520.00	$4972.78
2025-11-23	49	0	https://snowscan.xyz/tx/0xb2b2c995cfd3505310e1006969cf20aeef525c0c5fe7d00f7b68657d039a0fd4	n/a	BTC	Avalanche	0.1142	0	$86526.00	$9881.27	0.12562001	ETH	Avalanche	3.5305	0	$2833.64	$10004.17
2025-11-23	50	8	virtual_swap	n/a	ETH	Avalanche	0	1.767	$2833.64	$5007.04	1.9437	BTC	Avalanche	0.05708	0	$86526.00	$4938.90
2026-02-21	51	15	virtual_swap	2026-06-06	BTC	Avalanche	0	0.129698	$61045.00	$7917.41	0.1426678	ETH	Avalanche	5.0409	0	$1570.63	$7917.39
2026-02-21	52	0	https://snowtrace.io/tx/0x267ed024578621a51aabc47b9b0d7f4791c6624863130ad0dcab4c1328fd8a90	n/a	ETH	Avalanche	5.046	0	$1987.48	$10028.82	5.5506	BTC	Avalanche	0.14587	0	$68429.00	$9981.74
2026-02-21	53	15	virtual_swap	2026-06-06	BTC	Avalanche	0	0.126234	$61045.00	$7705.95	0.1388574	ETH	Avalanche	4.9063	0	$1570.63	$7705.98
2026-02-21	54	13	virtual_swap	2026-04-14	ETH	Avalanche	0	4.552174	$2378.78	$10828.62	5.0073915	BTC	Avalanche	0.14522	0	$74567.00	$10828.62
2026-02-27	55	13	virtual_swap	2026-04-14	ETH	Avalanche	0	0.232593	$2378.78	$553.29	0.2558523	BTC	Avalanche	0.00742	0	$74567.00	$553.29
2025-11-26	56	0	https://snowtrace.io/tx/0xd95e5dbb3c78f272855a6d901e24b4a478e5a3425237a4ba3501535b944477a9	n/a	BTC	Avalanche	0.057	0	$86651.00	$4939.11	0.0627	ETH	Avalanche	1.6626	0	$2904.08	$4828.32
2025-11-26	57	12	virtual_swap	n/a	ETH	Avalanche	0	0.8475	$2904.08	$2461.21	0.93225	BTC	Avalanche	0.02788	0	$86651.00	$2415.83
2025-11-28	58	0	https://snowtrace.io/tx/0xb69c600e93fdc8db5f3a580b257387563efad254115876b4319a39c29c48de4b	n/a	BTC	Avalanche	0.055	0	$91525.00	$5033.88	0.0605	ETH	Avalanche	1.5533	0	$3035.23	$4714.62
2025-11-28	59	13	virtual_swap	2026-04-14	ETH	Avalanche	0	0.821093	$2378.78	$1953.20	0.90320235	BTC	Avalanche	0.02619	0	$74567.00	$1952.91
2025-12-01	60	15	virtual_swap	2026-06-06	BTC	Avalanche	0	0.019799	$61045.00	$1208.63	0.0217789	ETH	Avalanche	0.7695	0	$1570.63	$1208.60
2025-12-01	61	10	virtual_swap	n/a	ETH	Avalanche	0	0.5688	$3031.24	$1724.17	0.62567997	BTC	Avalanche	0.01856	0	$89617.00	$1663.29
2026-03-01	62	0	https://snowtrace.io/tx/0x611ec4ba3e496b12d9496ca69fb2dc94facc68265eeca86dddfa3963e3c0b6d3	n/a	BTC	Avalanche	0.0261	0	$66869.00	$1745.28	0.02871	ETH	Avalanche	0.8823	0	$1998.14	$1762.96
2026-03-01	63	13	virtual_swap	2026-04-14	ETH	Avalanche	0	1.388034	$2378.78	$3301.83	1.5268375	BTC	Avalanche	0.04428	0	$74567.00	$3301.83
2026-03-03	64	15	virtual_swap	2026-06-06	BTC	Avalanche	0	0.024363	$61045.00	$1487.24	0.0267993	ETH	Avalanche	0.9469	0	$1570.63	$1487.23
2026-04-03	65	13	virtual_swap	2026-04-14	ETH	Avalanche	0	1.7732	$2378.78	$4218.05	1.95052	BTC	Avalanche	0.05657	0	$74567.00	$4218.26
2026-05-07	66	0	https://snowtrace.io/tx/0x115cbaadf4af084f9b264648616d91777eac9a82f44ab2937268cf64bd053025	n/a	ETH	Avalanche	4.8778	0	$2332.96	$11379.71	5.36558	BTC	Avalanche	0.13895	0	$81028.00	$11258.84
2026-04-03	67	15	virtual_swap	2026-06-06	BTC	Avalanche	0	0.022546	$61045.00	$1376.32	0.0248006	ETH	Avalanche	0.87629	0	$1570.63	$1376.33
2026-05-07	68	15	virtual_swap	2026-06-06	BTC	Avalanche	0	0.1255	$61045.00	$7661.15	0.13804999	ETH	Avalanche	4.87783	0	$1570.63	$7661.27
2026-07-20	69	17	virtual_swap	2026-09-12	ETH	Avalanche	0	9.6535	$2522.80	$24353.85	10.61885	BTC	Avalanche	0.315	0	$77314.00	$24353.91
2026-07-20	70	16	virtual_swap	n/a	BTC	Avalanche	0	0.0065	$64080.00	$416.52	0.0071500004	ETH	Avalanche	0.2243	0	$1854.38	$415.94
2026-07-20	71	17	virtual_swap	2026-09-12	ETH	Avalanche	0	3.2148	$2522.80	$8110.30	3.53628	BTC	Avalanche	0.1049	0	$77314.00	$8110.24
2026-07-20	72	16	https://snowtrace.io/tx/0xdf9b7b94192e61131b8c1be46c84abc08beaecfbe1d926af302069229b50cacd	n/a	BTC	Avalanche	0.0524	0	$64080.00	$3357.79	0.05764	ETH	Avalanche	1.7983	0	$1854.38	$3334.73
2026-09-15	73	0	virtual_swap	n/a	ETH	Avalanche	0	1.2062	$2472.46	$2982.28	1.32682	BTC	Avalanche	0.038789	0	$76885.00	$2982.29
2026-09-15	74	0	https://snowtrace.io/tx/0x36fb5b98858d941903a7f822d5092185881a9321a2ab9b93c0f00a261b6c3dde	n/a	BTC	Avalanche	0.038789	0	$76885.00	$2982.29	0.042667903	ETH	Avalanche	1.22448	0	$2472.46	$3027.48
2025-09-17	75	0	https://snowtrace.io/tx/0xbc381e53ab7cec62343c89916f0b9a24f941e69de658d24b7fb0e7d1c04cd8cf	n/a	BTC	Avalanche	0.025	0	$76383.00	$1909.58	0.027500002	ETH	Avalanche	0.7810184	0	$2441.25	$1906.66
2025-09-17	76	0	virtual_swap	2026-09-18	ETH	Avalanche	0	0.7802501	$2490.74	$1943.40	0.8582751	BTC	Avalanche	0.025	0	$77736.00	$1943.40
